{"cameraMode":{"drawMode":0,"name":"Shaded","section":"Shading Mode"},"sceneLighting":true,"audioPlay":false,"sceneViewState":{"m_AlwaysRefresh":false,"showFog":true,"showSkybox":true,"showFlares":true,"showImageEffects":true,"showParticleSystems":true,"showVisualEffectGraphs":true,"m_FxEnabled":true},"in2DMode":false,"pivot":{"x":1.0501145124435425,"y":-5.618414878845215,"z":1.2054119110107422},"rotation":{"x":0.4003176987171173,"y":0.04944587126374245,"z":-0.02163817174732685,"w":0.9147887825965881},"size":12.12435531616211,"orthographic":true}