{"cameraMode":{"drawMode":0,"name":"Shaded","section":"Shading Mode"},"sceneLighting":true,"audioPlay":false,"sceneViewState":{"m_AlwaysRefresh":false,"showFog":true,"showSkybox":true,"showFlares":true,"showImageEffects":true,"showParticleSystems":true,"showVisualEffectGraphs":true,"m_FxEnabled":true},"in2DMode":false,"pivot":{"x":2.2128515243530275,"y":-0.5774929523468018,"z":7.28632926940918},"rotation":{"x":-0.35194337368011477,"y":-0.05555647611618042,"z":0.020930150523781778,"w":-0.9341404438018799},"size":12.12435531616211,"orthographic":false}